{
  "val_f1": 0.9887547144021388,
  "test_f1": 0.9933578109017419,
  "test_recall": 0.9873655512187651,
  "test_precision": 0.9994232479911508,
  "test_fpr": 0.027410566216536366,
  "ood_recall": 0.4995747285237905
}